year;indication
2019;Abdominal Neoplasms
2002;Acromegaly
2012;Acromegaly> Pituitary ACTH Hypersecretion
2004;Acute Coronary Syndrome
2009;Acute Coronary Syndrome> Angina, Unstable> Myocardial Infarction
2010;Acute Coronary Syndrome> Myocardial Infarction
2014;Acute Coronary Syndrome> Myocardial Infarction
2015;Acute Coronary Syndrome> Vascular Surgical Procedures
2010;Acute Coronary Syndrome>Myocardial Infarction
2009;Acute Coronary Syndrome>Peripheral Vascular Diseases> Myocardial Infarction> Stroke
2003;Adenomatous Polyposis Coli
2004;Adrenal Cortex Neoplasms
2018;Adrenal Insufficiency
2011;Adrenal Insufficiency
2013;Alcohol-Related Disorders
2018;alpha-Mannosidosis
2002;Alzheimer Disease
2012;Alzheimer Disease
2013;Alzheimer Disease
2013;Alzheimer Disease
2002;Alzheimer Disease
2013;Alzheimer Disease
2013;Alzheimer Disease
2013;Alzheimer Disease
2013;Alzheimer Disease
2014;Alzheimer Disease
;Alzheimer Disease
;Alzheimer Disease
2009;Alzheimer Disease> Dementia> Parkinson Disease
1998;Alzheimer Disease> Parkinson Disease> Dementia
2003;Amino Acid Metabolism>Inborn Errors> Propionic Acidemia
2011;Amyloidosis
2018;Amyloidosis
2018;Amyloidosis, Familial
1996;Amyotrophic Lateral Sclerosis
2012;Amyotrophic Lateral Sclerosis
;Amyotrophic Lateral Sclerosis
2007;Anemia, Sickle Cell
2019;Anemia, Sickle Cell
2007;Anemia> Blood Transfusion, Autologous> Kidney Failure, Chronic> Cancer
2007;Anemia> Blood Transfusion, Autologous>Cancer> Kidney Failure, Chronic
2001;Anemia> Cancer> Kidney Failure, Chronic
2016;Anemia> Iron-Deficiency
2007;Anemia> Kidney Failure, Chronic
2007;Anemia> Kidney Failure, Chronic
2007;Anemia> Kidney Failure, Chronic, Cancer
2007;Anemia> Kidney Failure, Chronic, Cancer
2012;Anemia>Kidney Failure, Chronic
2008;Angina Pectoris
2005;Angina Pectoris> Heart Failure
2005;Angina Pectoris> Heart Failure
2017;Angina Pectoris> Heart Failure
2015;Angina Pectoris> Heart Failure
2016;Angina Pectoris> Heart Failure
2016;Angina Pectoris> Heart Failure
1999;Angina, Unstable> Myocardial Infarction
;Angioedema
2018;Angioedemas, Hereditary
2011;Angioedemas, Hereditary
2008;Angioedemas, Hereditary
2010;Angioedemas, Hereditary
2013;Anovulation
2014;Anovulation
2016;Anovulation
2001;Anovulation> Reproductive Techniques, Assisted, Infertility, Female
1995;Anovulation> Reproductive Techniques> Hypogonadism
2006;Antithrombin III Deficiency
2004;Anxiety Disorders> Depressive Disorder, Major> Diabetic Neuropathies
2015;Anxiety Disorders>Depressive Disorder, Major> Neuralgia> Diabetes Mellitus
2004;Anxiety Disorders> Diabetic Neuropathies> Depressive Disorder, Major
2015;Anxiety Disorders> Epilepsy
2014;Anxiety Disorders> Epilepsy
2015;Anxiety Disorders> Epilepsy
2015;Anxiety Disorders> Epilepsy
2017;Anxiety Disorders> Neuralgia, Epilepsy
2015;Anxiety Disorders> Neuralgia, Epilepsy
2015;Anxiety Disorders> Epilepsy
2015;Anxiety Disorders> Neuralgia> Epilepsy
2009;Apnea
2007;Arthritis, Psoriatic> Arthritis, Juvenile Rheumatoid> Arthritis, Rheumatoid
2017;Arthritis, Psoriatic> Colitis, Ulcerative> Arthritis, Juvenile Rheumatoid> Spondylitis, Ankylosing> Psoriasis> Crohn Disease> Arthritis, Rheumatoid
2018;Arthritis, Psoriatic> Psoriasis> Crohn Disease> Arthritis, Rheumatoid> Colitis, Ulcerative> Spondylitis, Ankylosing
2015;Arthritis, Psoriatic> Psoriasis> Spondylitis Ankylosing
2009;Arthritis, Psoriatic> Spondylitis Ankylosing> Colitis Ulcerative> Arthritis, Rheumatoid
2013;Arthritis, Psoriatic> Spondylitis Ankylosing> Colitis, Ulcerative> Psoriasis> Crohn Disease> Arthritis, Rheumatoid
2013;Arthritis, Psoriatic> Spondylitis Ankylosing> Colitis, Ulcerative> Psoriasis> Crohn Disease> Arthritis, Rheumatoid
2017;Arthritis, Psoriatic> Spondylitis Ankylosing> Crohn Disease>Colitis, Ulcerative> Hidradenitis Suppurativa> Psoriasis> Arthritis, Rheumatoid
2017;Arthritis, Psoriatic> Spondylitis Ankylosing> Psoriasis
2016;Arthritis, Psoriatic> Arthritis, Rheumatoid> Psoriasis
2017;Arthritis, Psoriatic> Precursor Cell Lymphoblastic Leukemia-Lymphoma>Psoriasis> Arthritis, Rheumatoid> Arthritis
2015;Arthritis, Psoriatic> Psoriasis
2016;Arthritis, Psoriatic> Psoriasis> Arthritis, Juvenile Rheumatoid> Arthritis, Rheumatoid
2017;Arthritis, Psoriatic> Psoriasis> Arthritis, Juvenile Rheumatoid> Arthritis, Rheumatoid> Spondylitis, Ankylosing
2009;Arthritis, Rheumatoid
2017;Arthritis, Rheumatoid
2017;Arthritis, Rheumatoid
2002;Arthritis, Rheumatoid
2017;Arthritis, Rheumatoid
2010;Arthritis, Rheumatoid
;Arthritis, Rheumatoid
2010;Arthritis, Rheumatoid
2011;Arthritis, Rheumatoid
2019;Arthritis, Rheumatoid> Arthritis, Juvenile Rheumatoid> Psoriasis> Arthritis, Psoriatic> Spondylitis, Ankylosing> Uveitis, Colitis> Ulcerative, Crohn Disease
2019;Arthritis, Rheumatoid> Arthritis, Juvenile Rheumatoid> Psoriasis, Arthritis> Psoriatic> Spondylitis, Ankylosing> Uveitis, Hidradenitis Suppurativa, Colitis, Ulcerative, Crohn Disease
2010;Arthritis, Rheumatoid> Arthritis, Psoriatic
2011;Arthritis, Rheumatoid> Arthritis, Psoriatic
2009;Arthritis, Rheumatoid> Arthritis, Juvenile Rheumatoid
2003;Arthritis, Rheumatoid> Osteoarthritis, Dysmenorrhea
2003;Arthritis, Rheumatoid> Osteoarthritis> Dysmenorrhea
1999;Arthritis> Rheumatoid Arthritis, Psoriatic
2008;Arthroplasty> Venous Thromboembolism
2008;Arthroplasty> Venous Thromboembolism
2011;Arthroplasty> Venous Thromboembolism
2009;Ascites> Cancer
2015;Aspergillosis
2013;Aspergillosis> Candidiasis> Mycoses
2015;Asthma
2016;Asthma
2018;Asthma
2014;Asthma
2014;Asthma
;Asthma
2005;Asthma, Urticaria
2010;Atrial Fibrillation
2009;Atrial Fibrillation
1999;Atrial Fibrillation> Atrial Flutter
2015;Attention Deficit Disorder with Hyperactivity
2015;Bacterial Infections
1998;Bacterial Infections
1998;Bacterial Infections
1998;Bacterial Infections
1998;Bacterial Infections
2015;Bacterial Infections and Mycoses> Aspergillosis, Candidiasis
2006;Bacterial Infections> Skin Diseases> Bacterial, Soft Tissue Infections
2004;Barrett Esophagus
2019;beta-Thalassemia
1999;beta-Thalassemia, Iron Overload
2006;beta-Thalassemia, Iron Overload
2010;Bipolar Disorder
2012;Blood Coagulation Disorders, Inherited
2010;Bone Resorption> Osteoporosis, Postmenopausal
2018;Breast Neoplasms
2000;Breast Neoplasms
2019;Breast Neoplasms
2018;Breast Neoplasms
2017;Breast Neoplasms
2008;Breast Neoplasms
2016;Breast Neoplasms
2019;Breast Neoplasms
2004;Breast Neoplasms
2018;Breast Neoplasms
2013;Breast Neoplasms
1996;Breast Neoplasms
2013;Breast Neoplasms
;Breast Neoplasms
2011;Breast Neoplasms> Liposarcoma
;Breast Neoplasms> Ovarian Neoplasms
2011;Breast Neoplasms> Neoplasm Metastasis> Fractures, Bone
2010;Breast Neoplasms> Neoplasm Metastasis>Fractures, Bone> Osteoporosis, Postmenopausal
2008;Breast Neoplasms>Pancreatic Neoplasms> Carcinoma, Non-Small-Cell Lung
1998;Helicobacter Infections
1997;Helicobacter Infections
1998;Helicobacter Infections
;Cachexia> Anorexia>Carcinoma, Non-Small-Cell Lung
2001;Cancer> Fractures, Bone
2008;Candidiasis
2007;Candidiasis
;Candidiasis
2016;Candidiasis> Aspergillosis
2001;Candidiasis> Aspergillosis
2002;Candidiasis> Mycoses> Aspergillosis
2005;Candidiasis> Mycoses, Coccidioidomycosis> Aspergillosis
2005;Candidiasis> Mycoses> Coccidioidomycosis, Aspergillosis
2013;Carbamoyl-Phosphate Synthase I Deficiency Disease
2000;Carcinoid Tumor> Leukemia, Hairy Cell> Lymphoma, Follicular> Hepatitis B, Chronic> Hepatitis C, Chronic> Leukemia, Myelogenous, Chronic> BCR-ABL Positive, Melanoma> Multiple Myeloma
2017;Carcinoid Tumor> Neuroendocrine Tumors
2013;Carcinoma, Basal Cell
2015;Carcinoma, Basal Cell
2006;Carcinoma, Hepatocellular> Carcinoma, Renal Cell
2014;Carcinoma, Non-Small-Cell Lung
2018;Carcinoma, Non-Small-Cell Lung
2016;Carcinoma, Non-Small-Cell Lung
2015;Carcinoma, Non-Small-Cell Lung
2018;Carcinoma, Non-Small-Cell Lung
2019;Carcinoma, Non-Small-Cell Lung
2019;Carcinoma, Non-Small-Cell Lung
2009;Carcinoma, Non-Small-Cell Lung
2012;Carcinoma, Non-Small-Cell Lung
2018;Carcinoma, Non-Small-Cell Lung
2017;Carcinoma, Non-Small-Cell Lung
2013;Carcinoma, Non-Small-Cell Lung
2016;Carcinoma, Non-Small-Cell Lung
2015;Carcinoma, Non-Small-Cell Lung
2015;Carcinoma, Non-Small-Cell Lung> Mesothelioma
2016;Carcinoma, Non-Small-Cell Lung> Mesothelioma
2016;Carcinoma, Non-Small-Cell Lung> Mesothelioma
2018;Carcinoma, Non-Small-Cell Lung> Mesothelioma
2016;Carcinoma, Non-Small-Cell Lung> Mesothelioma
2017;Carcinoma, Non-Small-Cell Lung> Mesothelioma
2015;Carcinoma, Non-Small-Cell Lung> Mesothelioma
2015;Carcinoma, Non-Small-Cell Lung> Mesothelioma
2015;Carcinoma, Non-Small-Cell Lung> Mesothelioma
2015;Carcinoma, Non-Small-Cell Lung> Mesothelioma
2005;Carcinoma, Non-Small-Cell Lung>Pancreatic Neoplasms
2005;Carcinoma, Non-Small-Cell Lung> Breast Neoplasms> Ovarian Neoplasms> Colorectal Neoplasms> Carcinoma, Renal Cell
2011;Carcinoma, Non-Small-Cell Lung> Breast Neoplasms> Prostatic Neoplasms
2012;Carcinoma, Renal Cell
2016;Carcinoma, Renal Cell
2016;Carcinoma, Renal Cell
2017;Carcinoma, Renal Cell
2010;Carcinoma, Renal Cell
2009;Carcinoma, Renal Cell> Breast Neoplasms>Pancreatic Neoplasms
2007;Carcinoma, Renal Cell> Lymphoma, Mantle-Cell
2018;Carcinoma, Renal Cell> Peritoneal Neoplasms> Ovarian Neoplasms> Breast Neoplasms> Carcinoma, Non-Small-Cell Lung> Fallopian Tube Neoplasms
2019;Carcinoma, Squamous Cell
2017;Carcinoma, Transitional Cell, Carcinoma, Non-Small-Cell Lung
2009;Carcinoma, Transitional Cell> Urologic Neoplasms
2011;Carcinoma> Small Cell Lung Carcinoma
2017;Cartilage Diseases
2009;Cartilage Diseases
2005;Cataplexy> Narcolepsy
2006;Chickenpox> Rubella> Measles> Mumps
2004;Cholera
2009;Cholestasis> Vitamin E Deficiency
2011;Clostridium Infections
2014;Colitis, Ulcerative, Crohn Disease
2012;Colonic Neoplasms> Breast Neoplasms> Colorectal Neoplasms> Stomach Neoplasms
2012;Colonic Neoplasms> Breast Neoplasms>Colorectal Neoplasms> Stomach Neoplasms
2001;Colonic Neoplasms> Breast Neoplasms> Colorectal Neoplasms> Stomach Neoplasms
2012;Colonic Neoplasms> Breast Neoplasms> Colorectal Neoplasms> Stomach Neoplasms
2013;Colorectal Neoplasms
2013;Colorectal Neoplasms
2016;Colorectal Neoplasms
2012;Colorectal Neoplasms
2007;Colorectal Neoplasms
;Colorectal Neoplasms
1996;Colorectal Neoplasms
1998;Colorectal Neoplasms
2019;Colorectal Neoplasms> Breast Neoplasms> Carcinoma, Non-Small-Cell Lung> Carcinoma, Renal Cell> Uterine Cervical Neoplasms
2012;Community-Acquired Infections> Skin Diseases> Infectious, Pneumonia
2001;Community-Acquired Infections> Pharyngitis> Bronchitis, Chronic> Pneumonia> Tonsillitis> Sinusitis
2002;Community-Acquired Infections> Streptococcal Infections> Staphylococcal Infections> Gram-Negative Bacterial Infections> Surgical Wound Infection> Pneumonia, Bacterial
1998;Condylomata Acuminata
1998;Condylomata Acuminata> Keratosis> Keratosis, Actinic> Carcinoma, Basal Cell
2015;Condylomata Acuminata>Papillomavirus Infections> Uterine Cervical Dysplasia
2002;Conjunctivitis, Allergic
1999;Conjunctivitis, Allergic
2018;Conjunctivitis, Keratitis
2011;Conscious Sedation
2019;Constipation
2009;Constipation
2014;Constipation, Opioid-Related Disorders
2002;Contraception
2011;Contraception
2011;Contraception
2009;Contraception, Postcoital
2015;Corneal Diseases
;Corneal Diseases, Cystinosis
;Crohn Disease
;Crohn Disease
2009;Cryopyrin-Associated Periodic Syndromes
2009;Cryopyrin-Associated Periodic Syndromes> Arthritis, Juvenile Rheumatoid> Arthritis, Gouty
2014;Cushing Syndrome
2018;Cystic Fibrosis
2012;Cystic Fibrosis
2012;Cystic Fibrosis
2015;Cystic Fibrosis
2012;Cystic Fibrosis
2011;Cystic Fibrosis> Respiratory Tract Infections
2009;Cystic Fibrosis> Respiratory Tract Infections
2015;Cystic Fibrosis> Respiratory Tract Infections
2015;Cystic Fibrosis> Respiratory Tract Infections
2013;Cystinosis
2017;Cystinosis
1997;Cystinosis
2017;Cystitis, Interstitial
2018;Cytomegalovirus Infections
1997;Cytomegalovirus Retinitis
1999;Cytomegalovirus Retinitis> HIV Infections
1997;Cytomegalovirus Retinitis> HIV Infections
2012;Debridement
1998;Dementia> Alzheimer Disease> Parkinson Disease
2009;Dementia> Alzheimer Disease> Parkinson Disease
2011;Dementia> Alzheimer Disease> Parkinson Disease
2009;Dementia> Alzheimer Disease> Parkinson Disease
2009;Dementia> Alzheimer Disease> Parkinson Disease
2009;Dementia> Alzheimer Disease> Parkinson Disease
2018;Dengue
2013;Depressive Disorder, Major
2009;Depressive Disorder, Major
2009;Depressive Disorder, Major
;Depressive Disorder, Major
;Depressive Disorder, Major
2017;Dermatitis, Atopic
2002;Dermatitis, Atopic
2002;Dermatitis, Atopic
2017;Dermatofibrosarcoma> Gastrointestinal Stromal Tumors> Leukemia, Myelogenous, Chronic, BCR-ABL Positive
2017;Diabetes Mellitus
2002;Diabetes Mellitus
2002;Diabetes Mellitus
2018;Diabetes Mellitus
2018;Diabetes Mellitus
2002;Diabetes Mellitus
2002;Diabetes Mellitus
2002;Diabetes Mellitus
1999;Diabetes Mellitus
2000;Diabetes Mellitus
2014;Diabetes Mellitus
2013;Diabetes Mellitus
2000;Diabetes Mellitus
2000;Diabetes Mellitus
2001;Diabetes Mellitus
2017;Diabetes Mellitus
1997;Diabetes Mellitus
2004;Diabetes Mellitus
2013;Diabetes Mellitus
2018;Diabetes Mellitus
2017;Diabetes Mellitus
1996;Diabetes Mellitus
2004;Diabetes Mellitus
2007;Diabetes Mellitus
;Diabetes Mellitus
2002;Diabetes Mellitus
2006;Diabetes Mellitus
2002;Diabetes Mellitus
2002;Diabetes Mellitus
1997;Diabetes Mellitus
2019;Diabetes Mellitus, Type 1
2014;Diabetes Mellitus, Type 2
2009;Diabetes Mellitus, Type 2
2014;Diabetes Mellitus, Type 2
2018;Diabetes Mellitus, Type 2
2007;Diabetes Mellitus, Type 2
2008;Diabetes Mellitus, Type 2
2008;Diabetes Mellitus, Type 2
2007;Diabetes Mellitus, Type 2
2011;Diabetes Mellitus, Type 2
2014;Diabetes Mellitus, Type 2
2015;Diabetes Mellitus, Type 2
2011;Diabetes Mellitus, Type 2
2000;Diabetes Mellitus, Type 2
2007;Diabetes Mellitus, Type 2
2017;Diabetes Mellitus, Type 2
2007;Diabetes Mellitus, Type 2
2016;Diabetes Mellitus, Type 2
2012;Diabetes Mellitus, Type 2
2010;Diabetes Mellitus, Type 2
2013;Diabetes Mellitus, Type 2
2018;Diabetes Mellitus, Type 2
2018;Diabetes Mellitus, Type 2
2006;Diabetes Mellitus, Type 2
2008;Diabetes Mellitus, Type 2
2008;Diabetes Mellitus, Type 2
2008;Diabetes Mellitus, Type 2
2015;Diabetes Mellitus, Type 2
2012;Diabetes Mellitus, Type 2
2016;Diabetes Mellitus, Type 2
2008;Diabetes Mellitus, Type 2
2010;Diabetes Mellitus, Type 2
2006;Diabetes Mellitus, Type 2
2013;Diabetes Mellitus, Type 2
2014;Diabetes Mellitus, Type 2
2007;Diabetes Mellitus, Type 2
2011;Diabetes Mellitus, Type 2
2008;Diabetes Mellitus, Type 2
2012;Diabetes Mellitus, Type 2
2014;Diabetes Mellitus, Type 2
2014;Diabetes Mellitus, Type 2
2013;Diabetes Mellitus, Type 2
2013;Diabetes Mellitus, Type 2
2009;Diabetes Mellitus, Type 2
2011;Diabetes Mellitus, Type 2
2007;Diabetes Mellitus, Type 2
2008;Diabetes Mellitus, Type 2
2013;Diabetes Mellitus, Type 2
2001;Diabetes Mellitus, Type 2
2001;Diabetes Mellitus, Type 2
2012;Diabetes Mellitus, Type 2
2009;Diabetes Mellitus, Type 2
2012;Diabetes Mellitus, Type 2
1998;Diabetes Mellitus, Type 2
2012;Diabetes Mellitus, Type 2
2009;Diabetes Mellitus, Type 2
2009;Diabetes Mellitus, Type 2
2003;Diabetes Mellitus, Type 2
2000;Diabetes Mellitus, Type 2
2000;Diabetes Mellitus, Type 2
2012;Diabetes Mellitus, Type 2
2012;Diabetes Mellitus, Type 2
2012;Diabetes Mellitus, Type 2
2006;Diabetes Mellitus, Type 2
2001;Diabetes Mellitus, Type 2
2000;Diabetes Mellitus, Type 2
2000;Diabetes Mellitus, Type 2
2012;Diabetes Mellitus, Type 2> Diabetes Mellitus, Type 1
2015;Diabetes Mellitus, Type 2> Diabetes Mellitus, Type 1
2004;Diabetic Neuropathies
2008;Diabetic Neuropathies
2019;
2013;Digestive System Diseases> Metabolism, Inborn Errors
2019;
2004;Ductus Arteriosus
2011;Dupuytren Contracture
2015;Dyslipidemias
2013;Dyslipidemias
2011;Dyslipidemias
2008;Dyslipidemias
2008;Dyslipidemias
2008;Dyslipidemias
2015;Dyslipidemias> Hypercholesterolemia
2006;
1998;
1998;
2009;Encephalitis, Japanese
2017;Enterocolitis, Pseudomembranous
2019;Epilepsies, Partial
2005;Epilepsies, Partial
2012;Epilepsies, Partial
2011;Epilepsy
2011;Epilepsy
2009;Epilepsy
2017;Epilepsy
2011;Epilepsy
2000;Epilepsy
2011;Epilepsy
2011;Epilepsy
2011;Epilepsy
2011;Epilepsy
2014;Epilepsy
2011;Epilepsy
2007;Epilepsy
2016;Epilepsy
2008;Epilepsy
2016;Epilepsy
2011;Epilepsy
2009;Epilepsy
2004;Epilepsy> Anxiety Disorders> Neuralgia
2009;Erectile Dysfunction
2014;Erectile Dysfunction
2003;Erectile Dysfunction
2003;Erectile Dysfunction
1998;Erectile Dysfunction
2009;Erectile Dysfunction
2009;Erectile Dysfunction
2013;Erectile Dysfunction
2009;Erectile Dysfunction
2017;Erectile Dysfunction
2002;Erectile Dysfunction
2001;Erectile Dysfunction
1998;Erectile Dysfunction
2001;Erectile Dysfunction
2001;Erectile Dysfunction
2018;Esophageal Diseases
2016;Exocrine Pancreatic Insufficiency
2006;Extravasation of Diagnostic and Therapeutic Materials
2001;Fabry Disease
2016;Fabry Disease
2001;Fabry Disease
2016;Factor X Deficiency
2017;Fallopian Tube Neoplasms> Peritoneal Neoplasms> Ovarian Neoplasms
;Fibromyalgia
;Fibromyalgia
2012;Fractures, Bone
2012;Fractures, Bone
2012;Fractures, Bone> Cancer
2012;Fractures, Bone> Cancer
2011;Fractures, Bone> Neoplasm Metastasis
2013;Fractures, Cartilage
;Friedreich Ataxia
2009;Gastroesophageal Reflux
2009;Gastroesophageal Reflux
2009;Gastroesophageal Reflux
2009;Gastroesophageal Reflux
2013;Gastroesophageal Reflux
2009;Gastroesophageal Reflux
;Gastrointestinal Stromal Tumors
2006;Gastrointestinal Stromal Tumors> Carcinoma, Renal Cell> Neuroendocrine Tumors
2010;Gaucher Disease
2019;Gaucher Disease
2017;Gaucher Disease
2015;Gaucher Disease
2017;Gaucher Disease
1997;Gaucher Disease
;Gaucher Disease
2002;Gaucher Disease> Niemann-Pick Diseases
2015;Inborn, Lung Diseases
2014;Giant Lymph Node Hyperplasia
2006;Glaucoma, Open-Angle> Ocular Hypertension
2002;Glaucoma, Open-Angle> Ocular Hypertension
2006;Glaucoma, Open-Angle> Ocular Hypertension
2001;Glaucoma, Open-Angle> Ocular Hypertension
2008;Glaucoma, Open-Angle> Ocular Hypertension
2000;Glaucoma, Open-Angle> Ocular Hypertension
2007;Glioma
2010;Glioma > Glioblastoma
2010;Glioma > Glioblastoma
1999;Glioma > Glioblastoma
2010;Glioma > Glioblastoma
2010;Glioma > Glioblastoma
2011;Glioma > Glioblastoma
2010;Glioma > Glioblastoma
2006;Glycogen Storage Disease Type II
2018;Gout
2008;Gout
2013;Gout
2009;Graft Rejection
2007;Graft Rejection
1996;Graft Rejection
2014;Graft Rejection
2008;Graft Rejection
2008;Graft Rejection
2010;Graft Rejection
2011;Graft Rejection> Kidney Transplantation
1998;Graft Rejection> Kidney Transplantation
2001;Graft Rejection> Kidney Transplantation
1999;Graft Rejection> Kidney Transplantation
2006;Gram-Positive Bacterial Infections > Bacteremia > Soft Tissue Infections > Endocarditis, Bacterial
2013;Growth
;Guided Tissue Regeneration, Periodontal
2012;Head and Neck Neoplasms > Carcinoma, Non-Small-Cell Lung > Adenocarcinoma > Prostatic Neoplasms > Breast Neoplasms
2012;Head and Neck Neoplasms > Carcinoma, Non-Small-Cell Lung > Adenocarcinoma > Prostatic Neoplasms > Breast Neoplasms
2010;Head and Neck Neoplasms > Carcinoma, Non-Small-Cell Lung > Adenocarcinoma > Prostatic Neoplasms > Stomach Neoplasms > Breast Neoplasms
2007;Head and Neck Neoplasms > Carcinoma, Non-Small-Cell Lung > Adenocarcinoma > Prostatic Neoplasms > Stomach Neoplasms > Breast Neoplasms
1995;Head and Neck Neoplasms > Carcinoma, Non-Small-Cell Lung > Adenocarcinoma > Prostatic Neoplasms > Stomach Neoplasms > Breast Neoplasms
2004;Head and Neck Neoplasms > Colorectal Neoplasms
2012;Head and Neck Neoplasms> Carcinoma, Non-Small-Cell Lung> Adenocarcinoma> Prostatic Neoplasms> Breast Neoplasms
2001;Head and Neck Neoplasms> Carcinoma>Squamous Cell
2015;Heart Failure
2016;Heart Failure
;Heart Failure
2014;Hemangioma
2014;Hematopoietic Stem Cell Transplantation
2010;Hematopoietic Stem Cell Transplantation
2019;Hematopoietic Stem Cell Transplantation
2003;Hematopoietic Stem Cell Transplantation
2016;Hematopoietic Stem Cell Transplantation> Graft vs Host Disease
2007;Hemoglobinuria, Paroxysmal
2019;Hemoglobinuria, Paroxysmal
2017;Hemophilia A
1999;Hemophilia A
2017;Hemophilia A
2014;Hemophilia A
2018;Hemophilia A
2013;Hemophilia A
2016;Hemophilia A
2015;Hemophilia A
2004;Hemophilia A
2019;Hemophilia A
2018;Hemophilia A
2018;Hemophilia A
2000;Hemophilia A
2016;Hemophilia A
2000;Hemophilia A
2015;Hemophilia A
2013;Hemophilia A > von Willebrand Diseases
2014;Hemophilia B
2016;Hemophilia B
2016;Hemophilia B
1997;Hemophilia B
2017;Hemophilia B
2001;Hemophilia B
1996;Hemophilia B> Thrombasthenia> Factor VII Deficiency> Hemophilia A
2015;Hemorrhage
2013;Hemostasis
2008;Hemostasis, Surgical
2015;Hemostasis, Surgical
2004;Hemostasis, Surgical
2017;Hemostasis, Surgical
2013;Hepatic Veno-Occlusive Disease
2017;Hepatitis B
2017;Hepatitis B
2000;Hepatitis B
2003;Hepatitis B, Chronic
2006;Hepatitis B, Chronic
2017;Hepatitis B, Chronic
1999;Hepatitis B, Chronic
2009;Hepatitis B, Chronic
2007;Hepatitis B, Chronic
2002;Hepatitis B, Chronic > HIV Infections
2001;Hepatitis B
2005;Hepatitis B
2013;Hepatitis B > Tetanus > Meningitis > Haemophilus >Whooping Cough > Poliomyelitis > Diphtheria
2013;Hepatitis B >Tetanus > Meningitis > Haemophilus > Whooping Cough > Poliomyelitis > Diphtheria
2000;Hepatitis B > Tetanus > Meningitis > Haemophilus > Whooping Cough > Poliomyelitis >Diphtheria
1996;Hepatitis B> Hepatitis A
2002;Hepatitis B> Hepatitis A
1999;Hepatitis B> Meningitis Haemophilus
1998;Hepatitis B> Tetanus> Diphtheria
2005;Hepatitis B> Tetanus> Meningitis> Haemophilus> Whooping Cough>Diphtheria
2000;Hepatitis B> Tetanus> Meningitis> Haemophilus> Whooping Cough>Poliomyelitis> Diphtheria
1997;Hepatitis B> Tetanus> Whooping Cough> Diphtheria
1996;Hepatitis B>Tetanus> Immunization> Whooping Cough> Diphtheria
2000;Hepatitis B>Tetanus>Whooping Cough> Poliomyelitis> Diphtheria
2015;Hepatitis C, Chronic
2015;Hepatitis C, Chronic
2017;Hepatitis C, Chronic
1999;Hepatitis C, Chronic
2014;Hepatitis C, Chronic
2016;Hepatitis C, Chronic
2014;Hepatitis C, Chronic
2017;Hepatitis C, Chronic
2014;Hepatitis C, Chronic
2010;Hepatitis C, Chronic
2016;Hepatitis C, Chronic
2000;Hepatitis C, Chronic
2000;Hepatitis C, Chronic
2009;Hepatitis C, Chronic
2011;Hepatitis C, Chronic
2014;Hepatitis C, Chronic
2009;Hepatitis C, Chronic
2011;Hepatitis C, Chronic
2010;Hepatitis C, Chronic
;Hepatitis C, Chronic
1999;Hepatitis C, Chronic
1999;Hepatitis C, Chronic
2002;Hepatitis C, Chronic > Hepatitis B, Chronic
2000;Hepatitis C, Chronic> Hepatitis B, Chronic
2017;Hepatolenticular Degeneration
2019;Hepatolenticular Degeneration
2004;Hepatolenticular Degeneration
2018;Herpes Zoster
2006;Herpes Zoster
2017;Hidradenitis Suppurativa > Arthritis, Psoriatic > Psoriasis, > Crohn Disease >Arthritis, Juvenile Rheumatoid > Uveitis, Arthritis > Rheumatoid, Colitis, Ulcerative Spondylitis, Ankylosing
2018;Hidradenitis Suppurativa > Crohn Disease, Arthritis, Juvenile Rheumatoid, Uveitis, Arthritis, Rheumatoid, Colitis, Ulcerative, Spondylitis, Ankylosing > Skin Diseases Papulosquamous > Arthritis, Psoriatic
2018;Hidradenitis Suppurativa > Psoriasis > Arthritis, Juvenile Rheumatoid > Uveitis > Arthritis, Rheumatoid > Spondylitis, Ankylosing > Arthritis, Psoriatic
2017;Hidradenitis Suppurativa > Psoriasis > Crohn Disease > Uveitis > Arthritis, Rheumatoid > Arthritis > Colitis > Ulcerative, Spondylitis, Ankylosing, Arthritis, Psoriatic
2018;Hidradenitis Suppurativa > Spondylitis, Ankylosing >Psoriasis, Arthritis > Juvenile Rheumatoid, Uveitis
2018;Hidradenitis Suppurativa> Psoriasis>Crohn Disease> Uveitis> Arthritis, Rheumatoid> Colitis, Ulcerative> Spondylitis, Ankylosing> Arthritis, Psoriatic
2001;Hirsutism
2016;HIV Infections
2018;HIV Infections
2011;HIV Infections
2012;HIV Infections
2016;HIV Infections
1996;HIV Infections
2001;HIV Infections
2007;HIV Infections
2017;HIV Infections
2014;HIV Infections
2019;HIV Infections
2017;HIV Infections
2004;HIV Infections
2018;HIV Infections
2016;HIV Infections
2003;HIV Infections
2017;HIV Infections
2018;HIV Infections
2017;HIV Infections
2017;HIV Infections
2019;HIV Infections
2011;HIV Infections
2016;HIV Infections
2009;HIV Infections
2004;HIV Infections
2016;HIV Infections
2014;HIV Infections
2016;HIV Infections
1999;HIV Infections
2018;HIV Infections
2015;HIV Infections
2008;HIV Infections
2016;HIV Infections
2018;HIV Infections
2016;HIV Infections
1996;HIV Infections
2007;HIV Infections
1999;HIV Infections
2014;HIV Infections
2007;HIV Infections
2019;HIV Infections
2005;HIV Infections
2007;HIV Infections
2018;HIV Infections
2013;HIV Infections
2013;HIV Infections
2016;HIV Infections
1996;HIV Infections
1996;HIV Infections
1999;HIV Infections
2015;HIV Infections
2003;HIV Infections
1998;HIV Infections
2018;HIV Infections
2017;HIV Infections
2009;HIV Infections
1996;HIV Infections
1998;HIV Infections
2004;HIV Infections
2000;HIV Infections
2005;HIV Infections
2011;HIV Infections
2013;HIV Infections
2015;HIV Infections
1998;HIV Infections
2000;HIV Infections
1998;HIV Infections
2018;Hodgkin Disease> Lymphoma, Non-Hodgkin
2007;Homocystinuria
2017;Hyperammonemia > Amino Acid Metabolism, Inborn Errors
2012;Hypercalcemia
1996;Hypercalcemia > Breast Neoplasms > Neoplasm Metastasis >Fractures, Bone
1996;Hypercalcemia
2014;Hypercalcemia > Fractures, Bone, Cancer
2011;Hypercalcemia > Fractures, Bone > Neoplasm Metastasis > Breast Neoplasms
1999;Hypercalcemia >Osteitis Deformans> Bone Resorption
2004;Hypercalcemia >Parathyroid Neoplasms > Hyperparathyroidism
2004;Hypercalcemia> Parathyroid Neoplasms> Hyperparathyroidism
2013;Hypercholesterolemia
2004;Hypercholesterolemia
;Hypercholesterolemia
2018;Hyperkalemia
2017;Hyperkalemia
2019;Hyperlipoproteinemia Type I
2012;Hyperlipoproteinemia Type I
2016;Hyperparathyroidism, Secondary
2015;Hyperparathyroidism, Secondary> Hypercalcemia
2013;Hyperphosphatemia> Renal Dialysis
2015;Hyperphosphatemia> Renal Dialysis
2009;Hyperphosphatemia> Renal Dialysis
2014;Hyperphosphatemia> Renal Dialysis
2015;Hyperphosphatemia> Renal Dialysis
2015;
2011;Hypertension
2007;Hypertension
2009;Hypertension
2009;Hypertension
2010;Hypertension
2007;Hypertension
2007;Hypertension
2009;Hypertension
2009;Hypertension
2002;Hypertension
2002;Hypertension
2009;Hypertension
1998;Hypertension
2008;Hypertension
2011;Hypertension
2007;Hypertension
1997;Hypertension
1997;Hypertension
2007;Hypertension
2016;Hypertension
2013;Hypertension
2002;Hypertension
2007;Hypertension
2009;Hypertension
2010;Hypertension
1998;Hypertension
2010;Hypertension
2010;Hypertension
1998;Hypertension
2011;Hypertension
1998;Hypertension
1998;Hypertension
2012;Hypertension
2007;Hypertension
2011;Hypertension
2011;Hypertension
2011;Hypertension
2007;Hypertension
2009;Hypertension
2011;Hypertension
2011;Hypertension
2011;Hypertension
2007;Hypertension
2007;Hypertension
2007;Hypertension
2007;Hypertension
2007;Hypertension
2001;Hypertension Pulmonary>Respiratory Insufficiency
2013;Hypertension, Pulmonary
2016;Hypertension, Pulmonary
2003;Hypertension, Pulmonary
2016;Hypertension, Pulmonary
2016;Hypertension, Pulmonary
2008;Hypertension, Pulmonary
2019;Hypertension, Pulmonary
2005;Hypertension, Pulmonary
2017;Hypertension, Pulmonary
2014;Hypertension, Pulmonary
2008;Hypertension, Pulmonary
2006;Hypertension, Pulmonary
2013;Hypertension, Pulmonary> Scleroderma, Systemic
2001;Hyperuricemia
2016;Hyperuricemia
2017;Hyperuricemia> Arthritis> Gouty> Gout
2019;Hyperuricemia,>Gout
;Hypogonadism
2017;Hypoparathyroidism
2015;Hypophosphatasia
2018;Hypophosphatemia> Familial, Hypophosphatemic Rickets, X-Linked Dominant
2019;Hypotension, Shock
2011;Idiopathic Pulmonary Fibrosis
2015;Idiopathic Pulmonary Fibrosis
1997;Hepatitis > Hepatitis A
2010;Meningitis, Meningococcal
2009;Hepatitis B, Liver Transplantation
2010; Hepatitis B
2006;Rotavirus Infections
1999;Rotavirus Infections
2011;Immunologic Deficiency Syndromes
2013;Immunologic Deficiency Syndromes
2007;Impetigo> Staphylococcal Skin Infections
2009;Inappropriate ADH Syndrome
2018;Bacterial Infections
2007;Infertility, Female
2009;Infertility> Hypogonadism
1996;Infertility> Hypogonadism
2011;Influenza
2007;Influenza
2002;Influenza, Human
2010;Influenza, Human
2009;Influenza, Human
2013;Influenza, Human
2019;Influenza, Human
2018;Influenza, Human
2018;Influenza, Human
2014;Influenza, Human
2016;Influenza, Human
2009;Influenza, Human
2009;Influenza, Human
2009;Influenza, Human
2009;Influenza, Human
2008;Influenza, Human
2010;Influenza, Human
2007;Influenza, Human
2011;Influenza, Human
2008;Influenza, Human
2010;Influenza, Human
2010;Influenza, Human
2009;Influenza, Human
2008;Influenza, Human
2012;Influenza, Human
2007;Influenza, Human
2005;Spinal, Pain
2019;Iron Overload> beta-Thalassemia
2018;Iron Overload> beta-Thalassemia
2012;Irritable Bowel Syndrome
;Irritable Bowel Syndrome
2016;Irritable Bowel Syndrome> Diarrhea
2017;Keratitis
2012;Keratosis, Actinic
2011;Keratosis, Actinic> Carcinoma, Basal Cell
2012;Keratosis> Keratosis, Actinic
2009;Kidney Failure >Chronic> Anemia> Cancer
1997;Kidney Failure> Chronic, Anemia, Cancer, Blood Transfusion, Autologous
2009;Kidney Failure> Chronic> Anemia> Cancer
2002;Kidney Failure> Chronic, Anemia
2001;Kidney Failure> Chronic, Anemia> Cancer
2009;Lambert-Eaton Myasthenic Syndrome
2007;Laron Syndrome
2018;Leber Congenital Amaurosis> Retinitis Pigmentosa
2012;Leiomyoma
2018;Leiomyosarcoma
2019;Lennox Gastaut Syndrome> Epilepsies, Myoclonic
2015;Lens Implantation, Intraocular, Pain, Postoperative
2008;Leukemia Myeloid, Acute
2004;Leukemia, Hairy Cell
2014;Leukemia, Lymphocytic, Chronic, B-Cell
2016;Leukemia, Lymphocytic, Chronic, B-Cell
2010;Leukemia, Lymphocytic, Chronic, B-Cell
2012;Leukemia, Lymphoid
2007;Leukemia, Myelogenous, Chronic, BCR-ABL Positive
2013;Leukemia, Myelogenous, Chronic, BCR-ABL Positive> Precursor Cell Lymphoblastic Leukemia-Lymphoma> Myelodysplastic-Myeloproliferative Diseases, Hypereosinophilic Syndrome> Dermatofibrosarcoma
2013;Leukemia, Myelogenous, Chronic, BCR-ABL Positive> Precursor Cell Lymphoblastic Leukemia-Lymphoma> Myelodysplastic-Myeloproliferative Diseases> Hypereosinophilic Syndrome, Dermatofibrosarcoma
2013;Leukemia, Myeloid
2012;Leukemia, Myeloid
2018;Leukemia, Myeloid, Acute
2019;Leukemia, Myeloid, Acute
2018;Leukemia, Myeloid, Acute
;Leukemia, Myeloid, Acute
2017;Leukemia, Myeloid, Acute> Mastocytosis
2013;Leukemia, Myeloid> Leukemia, Lymphoid
2002;Leukemia, Promyelocytic, Acute
2001;Leukemia> Lymphocytic, Chronic, B-Cell
2015;Lipid Metabolism, Inborn Errors
2018;Lipodystrophy, Familial Partial
2016;Liver Cirrhosis, Biliary
2017;Liver Transplantation> Kidney Transplantation
2011;Lupus Erythematosus, Systemic
2004;Lymphoma, Follicular
2018;Lymphoma, Follicular> Lymphoma, Large B-Cell, Diffuse
2014;Lymphoma, Mantle-Cell> Leukemia, Lymphocytic, Chronic, B-Cell
2012;Lymphoma, Non-Hodgkin
;Lymphoma, Non-Hodgkin
;Lymphoma, Non-Hodgkin
1998;Lymphoma, Non-Hodgkin, Arthritis, Rheumatoid> Leukemia, Lymphocytic, Chronic, B-Cell
2017;Lymphoma, Non-Hodgkin> Arthritis Rheumatoid> Leukemia, Lymphocytic, Chronic, B-Cell> Wegener Granulomatosis> Microscopic Polyangiitis
2017;Lymphoma, Non-Hodgkin> Arthritis Rheumatoid> Microscopic Polyangiitis> Wegener Granulomatosis
2017;Lymphoma, Non-Hodgkin>Arthritis, Rheumatoid> Wegener Granulomatosis> Leukemia, Lymphocytic> Chronic, B-Cell>Microscopic Polyangiitis
2012;Lymphoma, Non-Hodgkin> Hodgkin Disease
2014;Lymphoma, Non-Hodgkin>Leukemia> Lymphocytic, Chronic, B-Cell
2017;Lymphoma, Non-Hodgkin> Leukemia> Lymphocytic, Chronic, B-Cell
2017;Lymphoma, Non-Hodgkin> Microscopic Polyangiitis> Leukemia> Lymphocytic, Chronic, B-Cell> Wegener Granulomatosis
2017;Lymphoma, Non-Hodgkin> Microscopic Polyangiitis> Wegener Granulomatosis
;Lymphoma, T-Cell
2001;Lymphoma, T-Cell, Cutaneous
2010;Macular Edema, Uveitis
2005;Magnetic Resonance Angiography
2012;Malabsorption Syndromes
2011;Malaria
;Mastocytosis
2011;Melanoma
2018;Melanoma
2018;Melanoma
2015;Melanoma
2015;Melanoma
2013;Melanoma
2014;Melanoma
2012;Melanoma
;Melanoma
2015;Melanoma> Hodgkin Disease> Carcinoma Renal Cell> Carcinoma, Non-Small-Cell Lung
2015;Melanoma> Hodgkin Disease> Carcinoma, Non-Small-Cell Lung
2001;Meningeal Neoplasms
2016;Meningitis, Haemophilus> Poliomyelitis> Tetanus> Diphtheria, Whooping Cough,> Hepatitis B
2012;Meningitis, Meningococcal
2013;Meningitis, Meningococcal
2017;Meningitis, Meningococcal
2018;Menopause
2004;Mesothelioma> Carcinoma, Non-Small-Cell Lung
2015;Metabolism, Inborn Errors
2011;Methemoglobinemia
2018;Migraine Disorders
2019;Migraine Disorders
2018;Migraine Disorders
;Migraine Disorders
2007;Mucocutaneous Lymph Node Syndrome> Guillain-Barre Syndrome> Bone Marrow Transplantation>Purpura>Thrombocytopenic, Idiopathic, Immunologic Deficiency Syndromes
2003;Mucopolysaccharidosis I
2007;Mucopolysaccharidosis II
2014;Mucopolysaccharidosis IV
2006;Mucopolysaccharidosis VI
2018;Mucopolysaccharidosis VII
2005;Mucositis
2016;Multiple Myeloma
2016;Multiple Myeloma
2016;Multiple Myeloma
2016;Multiple Myeloma
2008;Multiple Myeloma
2017;Multiple Myeloma
2013;Multiple Myeloma
2015;Multiple Myeloma
2015;Multiple Myeloma
2016;Multiple Myeloma
2018;Multiple Myeloma
2015;Multiple Myeloma
2004;Multiple Myeloma
;Multiple Myeloma
2009;Multiple Myeloma> Hematopoietic Stem Cell Transplantation> Lymphoma
2007;Multiple Myeloma> Lymphoma, Mantle-Cell> Myelodysplastic Syndromes
2006;Multiple Sclerosis
2008;Multiple Sclerosis
2014;Multiple Sclerosis
1998;Multiple Sclerosis
1997;Multiple Sclerosis
1995;Multiple Sclerosis
2014;Multiple Sclerosis
2011;Multiple Sclerosis
2013;Multiple Sclerosis
2018;Multiple Sclerosis
2013;Multiple Sclerosis
2011;Multiple Sclerosis
2017;Multiple Sclerosis
2016;Multiple Sclerosis
;Multiple Sclerosis
2017;Muscular Atrophy, Spinal
2014;Muscular Dystrophy, Duchenne
;Muscular Dystrophy, Duchenne
2019;Mycoses
2019;Mycoses
2017;Mycosis Fungoides
2008;Myelodysplastic Syndromes
2019;Myelodysplastic Syndromes>Leukemia, Myelomonocytic, Chronic, Leukemia, Myeloid, Acute
2012;Myeloproliferative Disorders
2016;Myocardial Infarction
1996;Myocardial Infarction
2001;Myocardial Infarction
2015;Myocardial Infarction
2001;Myocardial Infarction
1996;Myocardial Infarction
2018;Myocardial Infarction> Acute Coronary Syndrome> Angina, Unstable
2015;Myocardial Infarction> Acute Coronary Syndrome> Peripheral Vascular Diseases> Stroke
2009;Myocardial Infarction> Peripheral Vascular Diseases> Stroke
2010;
2007;Myoclonic Epilepsy, Juvenile
2000;Myopia, Degenerative> Macular Degeneration
2018;Myotonic Disorders
2015;NA
2014;NA
2014;NA
2015;NA
2013;NA
2012;NA
2011;NA
2011;NA
2013;NA
2009;NA
2015;NA
2019;NA
2017;NA
2014;NA
2014;NA
2019;NA
2011;NA
2008;NA
1999;NA
;NA
2003;NA
2019;NA
1999;NA
2008;NA
2000;NA
2019;NA
2019;NA
2017;NA
2003;NA
2018;NA
2014;NA
1997;NA
2017;NA
2017;NA
2011;NA
2013;NA
2013;NA
2017;NA
2005;NA
2009;NA
2009;NA
2017;NA
2009;NA
2019;NA
2019;NA
;NA
2011;NA
2014;NA
2014;NA
2014;NA
2014;NA
2014;NA
2014;NA
2019;NA
2014;NA
2015;NA
2018;NA
2013;NA
2011;NA
2019;NA
2019;NA
2007;NA
1998;NA
2014;NA
2009;NA
2014;NA
2019;NA
2004;NA
2017;NA
2015;NA
2014;NA
2002;NA
2012;NA
2011;NA
2014;NA
2014;NA
2010;NA
2011;NA
2015;NA
;NA
2008;NA
2017;NA
2013;NA
2008;NA
2016;NA
2017;NA
2012;NA
2019;NA
2019;NA
2009;NA
2011;NA
1999;NA
1998;NA
2018;NA
2007;NA
2019;NA
2013;NA
2017;NA
2018;NA
2013;NA
2001;NA
1999;NA
2013;NA
2015;NA
2010;NA
2017;NA
2008;NA
2009;NA
2010;NA
2006;NA
2001;NA
2005;NA
2012;NA
2007;NA
2008;NA
2000;NA
2018;NA
2015;NA
2017;NA
2007;NA
2009;NA
2017;NA
2016;NA
2016;NA
2013;NA
2013;NA
2011;NA
2018;NA
2015;NA
2006;NA
2010;NA
2014;NA
2017;NA
2013;NA
2018;NA
2015;NA
2008;NA
2011;NA
2015;NA
2018;NA
2016;NA
1998;NA
2010;NA
2002;NA
2009;NA
2009;NA
2013;NA
2005;NA
2005;NA
2005;NA
2005;NA
2005;NA
2011;NA
2006;NA
2013;NA
2015;NA
2016;NA
2011;NA
2002;NA
2011;NA
2018;NA
2008;NA
2011;NA
2012;NA
2017;NA
2010;NA
2014;NA
2017;NA
2016;NA
2017;NA
2010;NA
2007;NA
2004;NA
1997;NA
2008;NA
2012;NA
2016;NA
2011;NA
2011;NA
1998;NA
2012;NA
2017;NA
2015;NA
2010;NA
2010;NA
2008;NA
2015;NA
2009;NA
2010;NA
2007;NA
2015;NA
2005;NA
2005;NA
2011;NA
2006;NA
2015;NA
2001;NA
2012;NA
2011;NA
;NA
2011;NA
2011;NA
2011;NA
2011;NA
1998;NA
2015;NA
2006;NA
2006;NA
2010;NA
2000;NA
2007;NA
2011;NA
2005;NA
1998;NA
2004;NA
2002;NA
2004;NA
2003;NA
2003;NA
2009;NA
2007;NA
2009;NA
2000;NA
2006;NA
2000;NA
1996;NA
2008;NA
1999;NA
2000;NA
2008;NA
2004;NA
2005;NA
2003;NA
2001;NA
2006;NA
2000;NA
2006;NA
2006;NA
2008;NA
2007;NA
2000;NA
2000;NA
2003;NA
2001;NA
;NA
1999;NA
2002;NA
2016;Narcolepsy
2016;Nausea>Vomiting> Cancer
2009;Neuralgia
2014;Neuralgia> Diabetic Neuropathies> Depressive Disorder, Major
2015;Neuralgia, Diabetic Neuropathies> Anxiety Disorders> Depressive Disorder, Major
2013;Neurobehavioral Manifestations
2017;Neuroblastoma
2015;Neuroblastoma
2017;Neuroendocrine Tumors
2017;Neuroendocrine Tumors
2016;Neuroendocrine Tumors
2008;Neuromuscular Blockade
2017;Neuronal Ceroid-Lipofuscinoses
2018;Neutropenia
2018;Neutropenia
2018;Neutropenia
2013;Neutropenia
2018;Neutropenia
2019;Neutropenia
2014;Neutropenia
2018;Neutropenia
2013;Neutropenia
2015;Neutropenia
2002;Neutropenia> Cancer
2002;Neutropenia> Cancer
2009;Neutropenia> Hematopoietic Stem Cell Transplantation> Cancer
2010;Neutropenia> Hematopoietic Stem Cell Transplantation> Cancer
2009;Neutropenia> Hematopoietic Stem Cell Transplantation> Cancer
2008;Neutropenia> Hematopoietic Stem Cell Transplantation> Cancer
2008;Neutropenia> Hematopoietic Stem Cell Transplantation> Cancer
2008;Neutropenia> Hematopoietic Stem Cell Transplantation> Cancer
2008;Neutropenia> Hematopoietic Stem Cell Transplantation> Cancer
1998;Obesity
2007;Obesity
;Obesity
2006;Obesity
2006;Obesity
2015;Obesity, Overweight
2015;Obesity> Overweight
2014;Ocular Hypertension> Glaucoma, Open-Angle
2014;Ocular Hypertension> Glaucoma, Open-Angle
2018;Opioid-Related Disorders
2019;Opioid-Related Disorders
2006;Opioid-Related Disorders
2017;Opioid-Related Disorders
2017;Opioid-Related Disorders
1997;Opioid-Related Disorders
2008;Opioid-Related Disorders, Constipation
2015;Optic Atrophy, Hereditary, Leber
1999;Ornithine Carbamoyltransferase Deficiency Disease, Citrullinemia, Carbamoyl-Phosphate Synthase I Deficiency Disease
2003;Osteoarthritis, Arthritis> Rheumatoid, Dysmenorrhea
1997;Osteomyelitis
2010;Osteomyelitis
2014;Osteoporosis
2017;Osteoporosis
2017;Osteoporosis
;Osteoporosis
2014;Osteoporosis, Osteitis Deformans
2005;Osteoporosis, Osteitis Deformans, Osteoporosis, Postmenopausal
2012;Osteoporosis, Osteitis Deformans> Osteoporosis, Postmenopausal
2003;Osteoporosis, Osteoporosis, Postmenopausal
1998;Osteoporosis, Postmenopausal
2005;Osteoporosis, Postmenopausal
2004;Osteoporosis, Postmenopausal
1998;Osteoporosis, Postmenopausal
2009;Osteoporosis, Postmenopausal
2010;Osteoporosis, Postmenopausal
2009;Osteoporosis, Postmenopausal
2007;Osteoporosis, Postmenopausal
2004;Osteoporosis, Postmenopausal
2004;Osteoporosis, Postmenopausal
2006;Osteoporosis, Postmenopausal
2004;Osteoporosis, Postmenopausal
2009;Osteoporosis, Postmenopausal
2009;Osteosarcoma
2014;Ovarian Neoplasms
2018;Ovarian Neoplasms
2018;Ovarian Neoplasms
1997;Ovarian Neoplasms
1996;Ovarian Neoplasms
2007;Ovarian Neoplasms, Sarcoma
2009;Ovarian Neoplasms> Uterine Cervical Neoplasms> Small Cell Lung Carcinoma
1996;Ovarian Neoplasms> Uterine Cervical Neoplasms> Small Cell Lung Carcinoma
2000;Ovulation Induction, Infertility, Female
1999;Ovulation, Ovulation Induction
2018;Pain
2009;Pain, Cancer
2010;Pain, Cancer
2008;Pain, Cancer
1998;Pain, Cancer
2015;Pain, Postoperative
2002;Pain, Postoperative
2015;Pain, Postoperative
2006;Pain, Postoperative
2002;Pain, Postoperative
2002;Pain, Postoperative
2007;Pain, Postoperative> Ophthalmologic Surgical Procedures
2011;Pain, Postoperative> Ophthalmologic Surgical Procedures
2016;Pancreatic Neoplasms
;Pancreatic Neoplasms
2006;Papillomavirus Infections> Uterine Cervical Dysplasia> Condylomata Acuminata
2006;Papillomavirus Infections> Uterine Cervical Dysplasia> Condylomata Acuminata
2007;Papillomavirus Infections>Uterine Cervical Dysplasia
2015;Parkinson Disease
1998;Parkinson Disease
2011;Parkinson Disease
2008;Parkinson Disease
2015;Parkinson Disease
2019;Parkinson Disease
2011;Parkinson Disease
2003;Parkinson Disease
2013;Parkinson Disease
2016;Parkinson Disease
2016;Parkinson Disease
2011;Parkinson Disease
1997;Parkinson Disease
2015;Parkinson Disease
1998;Parkinson Disease
2005;Parkinson Disease
2008;Parkinson Disease
1997;Parkinson Disease
2011;Parkinson Disease> Restless Legs Syndrome
2009;Peripheral Vascular Diseases
2010;Peripheral Vascular Diseases,> Acute Coronary Syndrome
2009;Peripheral Vascular Diseases> Acute Coronary Syndrome> Myocardial Infarction> Stroke
2009;Peripheral Vascular Diseases> Stroke> Acute Coronary Syndrome> Myocardial Infarction
2009;Peripheral Vascular Diseases> Stroke> Myocardial Infarction
2009;Peripheral Vascular Diseases> Stroke> Myocardial Infarction
2009;Peripheral Vascular Diseases> Stroke> Myocardial Infarction
2010;Peripheral Vascular Diseases> Acute Coronary Syndrome
2010;Peripheral Vascular Diseases> Acute Coronary Syndrome> Myocardial Infarction> Stroke
2009;Peripheral Vascular Diseases> Acute Coronary Syndrome> Myocardial Infarction> Stroke
2011;Peripheral Vascular Diseases> Acute Coronary Syndrome> Myocardial Infarction> Stroke
2010;Peripheral Vascular Diseases> Acute Coronary Syndrome> Myocardial Infarction> Stroke
2009;Peripheral Vascular Diseases> Acute Coronary Syndrome> Myocardial Infarction> Stroke
2009;Peripheral Vascular Diseases> Stroke, Myocardial Infarction
2009;Peripheral Vascular Diseases> Stroke> Myocardial Infarction
2009;Peripheral Vascular Diseases> Stroke> Myocardial Infarction
2009;Peripheral Vascular Diseases> Stroke> Myocardial Infarction
2009;Peripheral Vascular Diseases> Stroke> Myocardial Infarction
2009;Peripheral Vascular Diseases> Stroke> Myocardial Infarction
2009;Peripheral Vascular Diseases> Stroke> Myocardial Infarction
2009;Peripheral Vascular Diseases> Stroke> Myocardial Infarction
2009;Peripheral Vascular Diseases> Stroke> Myocardial Infarction
2019;Phenylketonurias
2008;Phenylketonurias
2009;Pneumococcal Infections
2009;Pneumococcal Infections
2001;Pneumococcal Infections
2011;Pneumonia> Bacterial, Cross Infection
2016;Pneumonia> Bacterial, Soft Tissue Infections> Pneumonia,> Urinary Tract Infections> Gram-Negative Bacterial Infections
2008;Pneumonia> Ventilator-Associated, Pneumonia> Bacterial, Urinary Tract Infections> Bacterial Infections> Cross Infection
2007;Poisoning
2015;Polycystic Kidney, Autosomal Dominant
2019;Polycythemia Vera
2015;Postmenopause
2018;Precursor B-Cell Lymphoblastic Leukemia-Lymphoma> Lymphoma Large B-Cell, Diffuse
2019;Precursor Cell Lymphoblastic Leukemia-Lymphoma
2015;Precursor Cell Lymphoblastic Leukemia-Lymphoma
2017;Precursor Cell Lymphoblastic Leukemia-Lymphoma
2016;Precursor Cell Lymphoblastic Leukemia-Lymphoma
2016;Precursor Cell Lymphoblastic Leukemia-Lymphoma
2006;Precursor Cell Lymphoblastic Leukemia-Lymphoma
2013;Precursor Cell Lymphoblastic Leukemia-Lymphoma> Dermatofibrosarcoma> Leukemia> Myelogenous, Chronic, BCR-ABL Positive, Myelodysplastic-Myeloproliferative Diseases, Hypereosinophilic Syndrome
2013;Precursor Cell Lymphoblastic Leukemia-Lymphoma> Dermatofibrosarcoma,>Myelodysplastic-Myeloproliferative Diseases> Leukemia, Myelogenous, Chronic, BCR-ABL Positive> Hypereosinophilic Syndrome
2001;Precursor Cell Lymphoblastic Leukemia-Lymphoma>Gastrointestinal Stromal Tumors>Dermatofibrosarcoma>Myelodysplastic-Myeloproliferative Diseases, Leukemia, Myelogenous, Chronic, BCR-ABL Positive, Hypereosinophilic Syndrome
2006;Precursor Cell Lymphoblastic Leukemia-Lymphoma>Leukemia>Myelogenous, Chronic, BCR-ABL Positive
2007;Precursor T-Cell Lymphoblastic Leukemia-Lymphoma
2013;Premature Birth
2000;Premature Birth
2010;Prostatic Hyperplasia
2019;Prostatic Hyperplasia
2010;Prostatic Hyperplasia
2011;Prostatic Neoplasms
;Prostatic Neoplasms
2019;Prostatic Neoplasms
2011;Prostatic Neoplasms
2013;Prostatic Neoplasms
2013;Prostatic Neoplasms
2009;Prostatic Neoplasms
2017;Prostatic Neoplasms
2013;Prostatic Neoplasms
2017;Prostatic Neoplasms
2014;Protoporphyria, Erythropoietic
2017;Psoriasis
2019;Psoriasis
2017;Psoriasis
2017;Psoriasis
2016;Psoriasis
2018;Psoriasis
2004;Psoriasis
2009;Psoriasis> Arthritis, Psoriatic> Crohn Disease
2018;Pulmonary Disease> Chronic Obstructive
2014;Pulmonary Disease> Chronic Obstructive
2017;Pulmonary Disease> Chronic Obstructive
2014;Pulmonary Disease> Chronic Obstructive
2014;Pulmonary Disease> Chronic Obstructive
2019;Pulmonary Disease> Chronic Obstructive
2018;Pulmonary Disease> Chronic Obstructive
2018;Pulmonary Disease> Chronic Obstructive
2014;Pulmonary Disease> Chronic Obstructive
2014;Pulmonary Disease> Chronic Obstructive
2013;Pulmonary Disease> Chronic Obstructive
2013;Pulmonary Disease> Chronic Obstructive
2014;Pulmonary Disease> Chronic Obstructive
2017;Pulmonary Disease> Chronic Obstructive
2013;Pulmonary Disease> Chronic Obstructive
2017;Pulmonary Disease> Chronic Obstructive
2017;Pulmonary Disease> Chronic Obstructive
2009;Pulmonary Disease> Chronic Obstructive
2009;Pulmonary Disease> Chronic Obstructive
2012;Pulmonary Disease> Chronic Obstructive
2009;Pulmonary Disease> Chronic Obstructive
2012;Pulmonary Disease> Chronic Obstructive
2012;Pulmonary Disease> Chronic Obstructive
2012;Pulmonary Disease> Chronic Obstructive
2010;Pulmonary Disease> Chronic Obstructive
2011;Pulmonary Disease> Chronic Obstructive
2011;Pulmonary Disease> Chronic Obstructive
2012;Pulmonary Disease> Chronic Obstructive
2014;Pulmonary Disease> Chronic Obstructive, Asthma
2016;Pulmonary Disease> Chronic Obstructive, Asthma
2014;Pulmonary Disease> Chronic Obstructive, Asthma
2016;Pulmonary Disease> Chronic Obstructive, Asthma
2014;Pulmonary Disease> Chronic Obstructive, Asthma
2014;Pulmonary Disease> Chronic Obstructive, Asthma
2001;Purpura Fulminans> Protein C Deficiency
2009;Purpura, Thrombocytopenic, Idiopathic
2010;Purpura, Thrombocytopenic, Idiopathic
2006;Purpura, Thrombocytopenic, Idiopathic> Bone Marrow Transplantation> Immunologic Deficiency Syndromes, Guillain-Barre Syndrome, Mucocutaneous Lymph Node Syndrome
2008;Purpura, Thrombocytopenic, Idiopathic> Bone Marrow Transplantation, Immunologic Deficiency Syndromes, Guillain-Barre Syndrome, Mucocutaneous Lymph Node Syndrome
2018;Purpura, Thrombotic Thrombocytopenic
2019;Radiation Injuries
1996;
2016;
2015;
2014;
2013;
2003;
2006;
2000;
2003;
2014;Alzheimer Disease
2014;Alzheimer Disease
2019;Dementia> Movement Disorders
2018;Rectal Fistula
2000;Hyperphosphatemia
2000;Reproductive Techniques, Assisted> Ovulation Induction
2010;Reproductive Techniques, Assisted> Ovulation Induction
1999;Respiratory Syncytial Virus Infections
2019;Respiratory Tract Infections> Cystic Fibrosis
1998;Restless Legs Syndrome> Parkinson Disease
1997;Restless Legs Syndrome> Parkinson Disease
2011;Restless Legs Syndrome> Parkinson Disease
2006;Restless Legs Syndrome> Parkinson Disease
2013;Retinal Diseases
2001;Rhinitis, Allergic, Perennial > Urticaria> Rhinitis, Allergic, Seasonal
2011;Rhinitis, Allergic, Perennial> Rhinitis, Allergic, Seasonal
2012;Rhinitis, Allergic, Perennial>Urticaria> Rhinitis, Allergic, Seasonal
2007;Rhinitis, Allergic, Seasonal
2008;Rhinitis, Allergic, Seasonal> Rhinitis, Allergic, Perennial
2011;Rhinitis, Allergic, Perennial> Rhinitis, Allergic, Seasona> Urticaria
2008;Rhinitis, Allergic, Perennial>Rhinitis, Allergic, Seasonal
2001;Rhinitis, Allergic, Perennial> Urticaria,, Rhinitis, Allergic, Seasonal
2001;Rhinitis, Allergic, Perennial> Urticaria, Rhinitis, Allergic, Seasonal
2012;Rhinitis, Allergic, Perennial> Urticaria, Rhinitis, Allergic, Seasonal
2001;Rhinitis, Allergic, Perennial> Urticaria, Rhinitis, Allergic, Seasonal
2001;Rhinitis, Allergic, Perennial> Urticaria, Rhinitis, Allergic, Seasonal
2006;Rotavirus Infections
2006;Rubella> Mumps> Measles
2016;Sarcoma
1999;Sarcoma
;Sarcoma
2000;Sarcoma, Kaposi
1996;Sarcoma, Kaposi> Multiple Myeloma> Ovarian Neoplasms> Breast Neoplasms
1999;Sarcoma, Kaposi>Carcinoma, Non-Small-Cell Lung> Ovarian Neoplasms> Breast Neoplasms
2014;Schizophrenia
2014;Schizophrenia
2013;Schizophrenia
2008;Schizophrenia
2018;Schizophrenia
2011;Schizophrenia
2017;Schizophrenia
;Schizophrenia
2009;Schizophrenia> Bipolar Disorder
2004;Schizophrenia> Bipolar Disorder
2008;Schizophrenia>Bipolar Disorder
2009;Schizophrenia>Bipolar Disorder
2009;Schizophrenia> Bipolar Disorder
2009;Schizophrenia> Bipolar Disorder
2010;Schizophrenia> Bipolar Disorder
2015;Schizophrenia> Bipolar Disorder
2015;Schizophrenia> Bipolar Disorder
2015;Schizophrenia> Bipolar Disorder
2007;Schizophrenia> Bipolar Disorder
2013;Schizophrenia> Bipolar Disorder
2015;Schizophrenia> Bipolar Disorder
2000;Schizophrenia> Bipolar Disorder
1996;Schizophrenia> Bipolar Disorder
2007;Schizophrenia> Bipolar Disorder
2007;Schizophrenia> Bipolar Disorder
1996;Schizophrenia> Bipolar Disorder
2007;Schizophrenia> Psychotic Disorders
2002;Scleroderma, Systemic> Hypertension, Pulmonary
2002;Sepsis, Multiple Organ Failure
2016;Severe Combined Immunodeficiency
2013;Sexual Dysfunction, Physiological
2006;Sexual Dysfunctions, Psychological
2006;Sexual Dysfunctions, Psychological
2018;Sezary Syndrome> Mycosis Fungoides
2016;Sialorrhea
2001;Sinusitis> Tonsillitis> Bronchitis, Chronic,>Pharyngitis> Community-Acquired Infections> Pneumonia, Bacterial
2019;Skin Aging
2014;Skin Diseases
;Skin Diseases, Infectious>Soft Tissue Infections
2015;Sleep Disorders, Circadian Rhythm
2007;Sleep Initiation and Maintenance Disorders
1999;Sleep Initiation and Maintenance Disorders
1999;Sleep Initiation and Maintenance Disorders
2018;Sleep Initiation and Maintenance Disorders> Autistic Disorder
2013;Smallpox Vaccine
2017;Soft Tissue Infections> Skin Diseases, Bacterial
2015;Soft Tissue Infections> Skin Diseases, Bacterial
2015;Soft Tissue Infections> Skin Diseases, Bacterial
2015;Soft Tissue Infections> Skin Diseases, Bacterial
2018;Spasms, Infantile> Epilepsies, Partial
2000;Spondylitis, Ankylosing> Arthritis, Juvenile Rheumatoid> Arthritis, Psoriatic>Psoriasis> Arthritis, Rheumatoid
2003;Spondylitis, Ankylosing> Arthritis, Juvenile Rheumatoid> Uveitis> Colitis Ulcerative> Psoriasis, Arthritis, Psoriatic> Crohn Disease> Arthritis, Rheumatoid
2016;Spondylitis, Ankylosing> Arthritis, Rheumatoid, Crohn Disease, Colitis, Ulcerative, Arthritis, Psoriatic, Psoriasis
1999;Spondylitis, Ankylosing> Arthritis, Rheumatoid, Psoriasis, Crohn Disease, Arthritis, Psoriatic, Colitis, Ulcerative
2003;Spondylitis, Ankylosing> Arthritis, Rheumatoid> Arthritis, Psoriatic> Crohn Disease
2009;Spondylolisthesis
2015;Stem Cell Transplantation, Corneal Diseases
2014;Stomach Neoplasms
2011;Stomach Neoplasms
2000;Stomach Neoplasms> Breast Neoplasms
2017;Stomach Neoplasms> Breast Neoplasms
2018;Stomach Neoplasms> Breast Neoplasms
2018;Stomach Neoplasms> Breast Neoplasms
2018;Stomach Neoplasms> Breast Neoplasms
2018;Stomach Neoplasms> Breast Neoplasms
2015;Stomach Neoplasms>Prostatic Neoplasms, Breast Neoplasms, Head and Neck Neoplasms, Carcinoma, Non-Small-Cell Lung
2010;Stomach Neoplasms> Adenoma> Breast Neoplasms> Carcinoma, Non-Small-Cell Lung> Prostatic Neoplasms
2013;Stomach Neoplasms> Breast Neoplasms>Colonic Neoplasms> Colorectal Neoplasms
1998;Stroke> Peripheral Vascular Diseases> Atrial Fibrillation>Myocardial Infarction> Acute Coronary Syndrome
1998;Stroke> Peripheral Vascular Diseases> Atrial Fibrillation> Myocardial Infarction> Acute Coronary Syndrome
2008;Stroke> Peripheral Vascular Diseases>Myocardial Infarction> Acute Coronary Syndrome
2015;Stroke, Venous Thromboembolism
2008;Stroke> Peripheral Vascular Diseases> Myocardial Infarction> Acute Coronary Syndrome
2017;Stroke> Venous Thromboembolism
1999;Tetanus> Whooping Cough> Diphtheria
2004;Thrombocythemia, Essential
2018;Thrombocythemia, Essential
2019;Thrombocytopenia
;Thrombocytopenia
1997;Thromboembolism> Thrombocytopenia
2015;Thyroid Neoplasms
2014;Thyroid Neoplasms
2012;Thyroid Neoplasms
2000;Thyroid Neoplasms
2001;Tibial Fractures
2002;Tibial Fractures> Fracture Fixation, Internal> Spinal Fusion
2006;Tobacco Use Cessation
2000;Lewy Body Disease>Parkinson Disease> Alzheimer Disease
2001;Torticollis
2014;Tuberculosis
2014;Tuberculosis, Multidrug-Resistant
2014;Tuberculosis, Multidrug-Resistant
2011;Tuberous Sclerosis
2001;Turner Syndrome> Dwarfism, Pituitary
2006;Turner Syndrome> Dwarfism, Pituitary
2006;Turner Syndrome> Prader-Willi Syndrome> Dwarfism, Pituitary
2017;Tyrosinemias
2005;Tyrosinemias
2018;Tyrosinemias
2015;Urea Cycle Disorders, Inborn
;Urea Cycle Disorders, Inborn
2007;Urinary Bladder, Overactive
2012;Urinary Bladder, Overactive
2004;Urinary Incontinence Urge> Urinary Bladder, Overactive
2004;Urinary Incontinence, Stress
2004;Urinary Incontinence, Urge
2018;Urinary Tract Infections>Bacteremia, Bacterial Infections> Respiratory Tract Infections> Pneumonia> Pneumonia, Ventilator-Associated
2010;Uterine Cervical Neoplasms>Small Cell Lung Carcinoma
2009;Uterine Cervical Neoplasms> Small Cell Lung Carcinoma
2011;Uterine Cervical Neoplasms> Small Cell Lung Carcinoma
2016;Venous Thromboembolism
2016;Venous Thromboembolism
;Venous Thromboembolism
1997;Venous Thrombosis
2002;Venous Thrombosis> Pulmonary Embolism> Myocardial Infarction> Angina, Unstable
2002;Venous Thrombosis> Pulmonary Embolism>Myocardial Infarction> Angina, Unstable
2012;Vomiting, Cancer
2008;Vomiting, Cancer
2005;Vomiting, Cancer
2015;Vomiting, Cancer>Nausea
2016;Vomiting, Cancer
2017;Vomiting, Cancer
2003;Vomiting, Cancer> Postoperative Nausea and Vomiting
2018;von Willebrand Diseases
2006;Wet Macular Degeneration
2012;Wet Macular Degeneration> Macular Edema> Diabetes Complications
2007;Wet Macular Degeneration> Macular Edema> Myopia, Degenerative> Diabetes Complications
1999;Wound Healing>Skin Ulcer
2012;Wounds and Injuries> Breast Diseases, Neoplastic Processes> Calcium Metabolism Disorders> Neoplasms by Site> Water-Electrolyte Imbalance
2016;Wounds and Injuries> Wound Healing
2017;Xanthomatosis> Cerebrotendinous, Metabolism> Inborn Errors
2012;
2001;
2007;
1997;
